[
  {
    "openingOne": "NONE",
    "openingTwo": "NONE",
    "tiles": [
      [ 14, 14, 14, 14, 14, 14, 14, 14, 14, 14, 14, 14, 14, 14, 14, 14 ],
      [ 14, 14, 14, 14, 14, 14, 14, 14, 14, 14, 14, 14, 14, 14, 14, 14 ],
      [ 14, 14, 14, 14, 14, 14, 14, 14, 14, 14, 14, 14, 14, 14, 14, 14 ],
      [ 14, 14, 14, 14, 14, 14, 14, 14, 14, 14, 14, 14, 14, 14, 14, 14 ],
      [ 14, 14, 14, 14, 14, 14, 14, 14, 14, 14, 14, 14, 14, 14, 14, 14 ],
      [ 14, 14, 14, 14, 14, 14, 14, 14, 14, 14, 14, 14, 14, 14, 14, 14 ],
      [ 14, 14, 14, 14, 14, 14, 14, 14, 14, 14, 14, 14, 14, 14, 14, 14 ],
      [ 14, 14, 14, 14, 14, 14, 14, 14, 14, 14, 14, 14, 14, 14, 14, 14 ],
      [ 14, 14, 14, 14, 14, 14, 14, 14, 14, 14, 14, 14, 14, 14, 14, 14 ],
      [ 14, 14, 14, 14, 14, 14, 14, 14, 14, 14, 14, 14, 14, 14, 14, 14 ],
      [ 14, 14, 14, 14, 14, 14, 14, 14, 14, 14, 14, 14, 14, 14, 14, 14 ],
      [ 14, 14, 14, 14, 14, 14, 14, 14, 14, 14, 14, 14, 14, 14, 14, 14 ],
      [ 14, 14, 14, 14, 14, 14, 14, 14, 14, 14, 14, 14, 14, 14, 14, 14 ],
      [ 14, 14, 14, 14, 14, 14, 14, 14, 14, 14, 14, 14, 14, 14, 14, 14 ],
      [ 14, 14, 14, 14, 14, 14, 14, 14, 14, 14, 14, 14, 14, 14, 14, 14 ],
      [ 14, 14, 14, 14, 14, 14, 14, 14, 14, 14, 14, 14, 14, 14, 14, 14 ]
    ]
  },
  {
    "openingOne": "WEST",
    "openingTwo": "NONE",
    "tiles": [
      [ 14, 14, 14, 14, 14, 14, 14, 14, 14, 14, 14, 14, 14, 14, 14, 14 ],
      [ 14, 14, 14, 14, 8, 15, 8, 8, 15, 8, 8, 15, 14, 14, 14, 14 ],
      [ 14, 14, 14, 12, 0, 0, 0, 0, 0, 0, 0, 0, 10, 14, 14, 14 ],
      [ 14, 14, 14, 1, 0, 0, 0, 0, 0, 0, 0, 0, 0, 2, 14, 14 ],
      [ 14, 14, 8, 0, 0, 0, 0, 0, 0, 0, 0, 0, 0, 2, 14, 14 ],
      [ 14, 14, 1, 0, 0, 0, 0, 0, 0, 0, 0, 0, 0, 10, 14, 14 ],
      [ 14, 1, 0, 0, 0, 0, 0, 0, 0, 0, 0, 0, 0, 0, 2, 14 ],
      [ 0, 0, 0, 0, 0, 0, 0, 0, 0, 0, 0, 0, 0, 0, 2, 14 ],
      [ 0, 0, 0, 0, 0, 0, 0, 0, 0, 0, 0, 0, 0, 0, 3, 14 ],
      [ 9, 0, 0, 0, 0, 0, 0, 0, 0, 0, 0, 0, 0, 11, 14, 14 ],
      [ 14, 9, 0, 0, 0, 0, 0, 0, 0, 0, 0, 0, 0, 2, 14, 14 ],
      [ 14, 14, 9, 0, 0, 0, 0, 0, 0, 0, 0, 0, 0, 2, 14, 14 ],
      [ 14, 14, 14, 16, 9, 0, 0, 0, 0, 0, 0, 0, 11, 14, 14, 14 ],
      [ 14, 14, 14, 14, 14, 9, 9, 0, 0, 0, 11, 7, 14, 14, 14, 14 ],
      [ 14, 14, 14, 14, 14, 14, 14, 16, 7, 16, 14, 14, 14, 14, 14, 14 ],
      [ 14, 14, 14, 14, 14, 14, 14, 14, 14, 14, 14, 14, 14, 14, 14, 14 ]
    ]
  },
  {
    "openingOne": "WEST",
    "openingTwo": "SOUTH",
    "tiles": [
      [ 14, 14, 14, 14, 14, 14, 14, 14, 14, 14, 14, 14, 14, 14, 14, 14 ],
      [ 14, 14, 14, 14, 14, 14, 14, 14, 14, 14, 14, 14, 14, 14, 14, 14 ],
      [ 14, 14, 14, 14, 14, 15, 8, 8, 15, 15, 8, 15, 14, 14, 14, 14 ],
      [ 14, 14, 14, 14, 1, 0, 0, 0, 0, 0, 0, 0, 10, 15, 14, 14 ],
      [ 14, 14, 14, 1, 0, 0, 0, 0, 0, 0, 0, 0, 0, 0, 2, 14 ],
      [ 14, 14, 1, 0, 0, 0, 0, 11, 0, 0, 0, 0, 0, 0, 2, 14 ],
      [ 8, 1, 0, 0, 0, 0, 11, 13, 0, 0, 16, 0, 0, 0, 3, 14 ],
      [ 0, 0, 0, 0, 11, 7, 14, 12, 5, 5, 2, 16, 9, 0, 2, 14 ],
      [ 0, 0, 0, 11, 14, 14, 14, 8, 15, 15, 8, 15, 1, 0, 3, 14 ],
      [ 7, 16, 7, 14, 14, 14, 12, 0, 0, 0, 0, 0, 0, 0, 2, 14 ],
      [ 14, 14, 14, 14, 14, 14, 12, 0, 0, 0, 0, 0, 0, 0, 3, 14 ],
      [ 14, 14, 14, 14, 14, 14, 13, 0, 11, 16, 0, 0, 11, 16, 14, 14 ],
      [ 14, 14, 14, 14, 14, 14, 12, 0, 0, 2, 16, 16, 14, 14, 14, 14 ],
      [ 14, 14, 14, 14, 14, 14, 13, 0, 0, 2, 14, 14, 14, 14, 14, 14 ],
      [ 14, 14, 14, 14, 14, 14, 14, 1, 0, 3, 14, 14, 14, 14, 14, 14 ],
      [ 14, 14, 14, 14, 14, 14, 12, 0, 0, 2, 14, 14, 14, 14, 14, 14 ]
    ]
  },
  {
    "openingOne": "WEST",
    "openingTwo": "SOUTH",
    "tiles": [
      [ 14, 14, 14, 14, 14, 14, 14, 14, 14, 14, 14, 14, 14, 14, 14, 14 ],
      [ 14, 14, 14, 14, 14, 15, 8, 8, 15, 15, 8, 15, 14, 14, 14, 14 ],
      [ 14, 14, 14, 14, 1, 0, 0, 0, 0, 0, 0, 0, 10, 14, 14, 14 ],
      [ 14, 14, 14, 13, 0, 0, 0, 0, 0, 0, 0, 0, 0, 10, 14, 14 ],
      [ 14, 14, 14, 1, 0, 0, 0, 11, 7, 16, 9, 0, 0, 0, 2, 14 ],
      [ 14, 8, 1, 0, 0, 11, 16, 14, 14, 14, 14, 9, 0, 0, 2, 14 ],
      [ 1, 0, 0, 0, 0, 10, 14, 14, 14, 14, 14, 1, 0, 0, 3, 14 ],
      [ 0, 0, 0, 0, 0, 0, 10, 15, 14, 14, 1, 0, 0, 0, 2, 14 ],
      [ 0, 0, 11, 9, 0, 0, 0, 0, 10, 1, 0, 0, 0, 11, 14, 14 ],
      [ 16, 7, 14, 14, 9, 0, 0, 0, 0, 0, 0, 0, 11, 14, 14, 14 ],
      [ 14, 14, 14, 14, 14, 7, 9, 0, 0, 0, 0, 11, 14, 14, 14, 14 ],
      [ 14, 14, 14, 14, 14, 14, 1, 0, 0, 0, 0, 2, 14, 14, 14, 14 ],
      [ 14, 14, 14, 14, 14, 12, 0, 0, 0, 0, 11, 14, 14, 14, 14, 14 ],
      [ 14, 14, 14, 14, 14, 13, 0, 0, 0, 11, 14, 14, 14, 14, 14, 14 ],
      [ 14, 14, 14, 14, 14, 14, 9, 0, 0, 2, 14, 14, 14, 14, 14, 14 ],
      [ 14, 14, 14, 14, 14, 14, 12, 0, 0, 3, 14, 14, 14, 14, 14, 14 ]
    ]
  },
  {
    "openingOne": "WEST",
    "openingTwo": "EAST",
    "tiles": [
      [ 14, 14, 14, 14, 14, 14, 14, 14, 15, 15, 8, 15, 8, 8, 15, 14 ],
      [ 14, 14, 14, 14, 14, 14, 14, 1, 0, 0, 0, 0, 0, 0, 0, 3 ],
      [ 14, 14, 14, 14, 14, 14, 1, 0, 0, 0, 0, 0, 0, 0, 0, 3 ],
      [ 14, 14, 14, 14, 15, 1, 0, 0, 0, 11, 7, 16, 9, 0, 0, 2 ],
      [ 14, 14, 14, 1, 0, 0, 0, 0, 11, 14, 14, 14, 1, 0, 11, 14 ],
      [ 14, 14, 1, 0, 0, 0, 0, 11, 14, 14, 14, 13, 0, 0, 10, 14 ],
      [ 15, 1, 0, 0, 0, 0, 11, 14, 14, 14, 14, 12, 0, 0, 0, 10 ],
      [ 0, 0, 0, 0, 11, 16, 14, 14, 14, 14, 14, 14, 9, 0, 0, 0 ],
      [ 0, 0, 0, 0, 0, 10, 14, 14, 14, 14, 14, 14, 1, 0, 0, 0 ],
      [ 16, 9, 0, 0, 0, 0, 10, 15, 14, 14, 14, 1, 0, 0, 0, 3 ],
      [ 14, 14, 7, 9, 0, 0, 0, 0, 10, 8, 1, 0, 0, 0, 0, 2 ],
      [ 14, 14, 14, 14, 9, 0, 0, 0, 0, 0, 0, 0, 0, 0, 11, 14 ],
      [ 14, 14, 14, 14, 14, 7, 9, 0, 0, 0, 0, 0, 0, 11, 14, 14 ],
      [ 14, 14, 14, 14, 14, 14, 14, 7, 7, 16, 9, 0, 11, 14, 14, 14 ],
      [ 14, 14, 14, 14, 14, 14, 14, 14, 14, 14, 14, 16, 14, 14, 14, 14 ],
      [ 14, 14, 14, 14, 14, 14, 14, 14, 14, 14, 14, 14, 14, 14, 14, 14 ]
    ]
  },
  {
    "openingOne": "WEST",
    "openingTwo": "EAST",
    "tiles": [
      [ 14, 14, 14, 14, 14, 15, 15, 8, 15, 8, 8, 15, 8, 14, 14, 14 ],
      [ 14, 14, 14, 15, 1, 0, 0, 0, 0, 0, 0, 0, 0, 10, 14, 14 ],
      [ 14, 14, 12, 0, 0, 0, 0, 0, 0, 0, 0, 0, 0, 0, 2, 14 ],
      [ 14, 14, 1, 0, 0, 0, 0, 0, 0, 0, 11, 9, 0, 0, 2, 14 ],
      [ 14, 12, 0, 0, 0, 0, 16, 0, 0, 0, 2, 1, 0, 0, 3, 14 ],
      [ 14, 1, 0, 0, 0, 0, 14, 0, 0, 2, 12, 0, 0, 0, 10, 14 ],
      [ 1, 0, 0, 0, 0, 0, 8, 0, 0, 3, 1, 0, 0, 0, 0, 10 ],
      [ 0, 0, 0, 0, 0, 0, 0, 0, 0, 2, 14, 9, 0, 0, 0, 0 ],
      [ 0, 0, 0, 11, 9, 0, 0, 0, 0, 10, 15, 14, 9, 0, 0, 0 ],
      [ 16, 9, 0, 10, 1, 0, 0, 0, 0, 0, 0, 10, 15, 16, 16, 7 ],
      [ 12, 0, 0, 0, 0, 0, 0, 15, 0, 0, 0, 0, 0, 2, 14, 14 ],
      [ 14, 9, 0, 0, 0, 0, 0, 0, 0, 0, 0, 0, 0, 2, 14, 14 ],
      [ 14, 12, 0, 0, 0, 0, 0, 0, 0, 0, 0, 0, 0, 3, 14, 14 ],
      [ 14, 14, 9, 0, 0, 0, 0, 5, 0, 0, 0, 0, 0, 10, 14, 14 ],
      [ 14, 14, 12, 0, 0, 0, 11, 14, 9, 0, 0, 0, 0, 0, 2, 14 ],
      [ 14, 14, 14, 7, 7, 16, 14, 14, 14, 7, 16, 7, 16, 16, 14, 14 ]
    ]
  },
  {
    "openingOne": "WEST",
    "openingTwo": "NORTH",
    "tiles": [
      [ 14, 14, 14, 14, 14, 14, 12, 0, 0, 10, 14, 14, 14, 14, 14, 14 ],
      [ 14, 14, 14, 14, 15, 14, 13, 0, 0, 0, 2, 14, 14, 14, 14, 14 ],
      [ 14, 14, 14, 1, 0, 10, 14, 9, 0, 0, 10, 8, 15, 15, 14, 14 ],
      [ 14, 14, 1, 0, 0, 0, 2, 12, 0, 0, 0, 0, 0, 0, 2, 14 ],
      [ 14, 12, 0, 0, 0, 0, 3, 14, 9, 0, 0, 0, 0, 0, 2, 14 ],
      [ 14, 1, 0, 0, 0, 0, 3, 8, 15, 7, 7, 16, 9, 0, 10, 14 ],
      [ 1, 0, 0, 0, 0, 3, 1, 0, 0, 10, 15, 14, 12, 0, 0, 3 ],
      [ 0, 0, 0, 0, 3, 12, 0, 0, 0, 0, 0, 3, 12, 0, 0, 2 ],
      [ 0, 0, 0, 0, 2, 12, 0, 0, 0, 0, 0, 3, 12, 0, 11, 14 ],
      [ 9, 0, 0, 10, 15, 14, 7, 7, 9, 0, 0, 3, 12, 0, 10, 14 ],
      [ 13, 0, 0, 0, 0, 2, 14, 14, 12, 0, 0, 2, 13, 0, 0, 2 ],
      [ 14, 9, 0, 0, 0, 10, 15, 14, 13, 0, 0, 3, 13, 0, 0, 3 ],
      [ 14, 12, 0, 0, 0, 0, 0, 10, 1, 0, 0, 10, 1, 0, 10, 14 ],
      [ 14, 14, 9, 0, 0, 0, 0, 0, 0, 0, 0, 0, 0, 0, 0, 2 ],
      [ 14, 14, 14, 7, 16, 9, 0, 0, 0, 0, 0, 0, 0, 0, 0, 2 ],
      [ 14, 14, 14, 14, 14, 14, 7, 7, 16, 7, 16, 16, 16, 7, 7, 14 ]
    ]
  },
  {
    "openingOne": "WEST",
    "openingTwo": "NORTH",
    "tiles": [
      [ 14, 14, 14, 15, 8, 15, 12, 0, 0, 10, 15, 15, 14, 14, 14, 14 ],
      [ 14, 14, 1, 0, 0, 0, 13, 0, 0, 0, 0, 0, 10, 14, 14, 14 ],
      [ 14, 12, 0, 0, 0, 0, 10, 9, 0, 0, 0, 0, 0, 2, 14, 14 ],
      [ 14, 13, 0, 0, 0, 0, 0, 2, 9, 0, 0, 0, 0, 3, 14, 14 ],
      [ 14, 1, 0, 0, 9, 0, 0, 3, 14, 9, 0, 0, 0, 2, 14, 14 ],
      [ 12, 0, 0, 0, 12, 0, 2, 14, 14, 1, 0, 0, 2, 14, 14, 14 ],
      [ 1, 0, 0, 2, 13, 0, 10, 14, 13, 0, 0, 0, 10, 14, 14, 14 ],
      [ 0, 0, 0, 3, 13, 0, 0, 2, 13, 0, 0, 0, 0, 10, 14, 14 ],
      [ 0, 0, 0, 2, 12, 0, 0, 2, 12, 0, 0, 0, 0, 0, 2, 14 ],
      [ 16, 9, 0, 2, 1, 0, 0, 3, 14, 9, 0, 0, 0, 0, 10, 14 ],
      [ 14, 14, 16, 13, 0, 0, 10, 14, 14, 12, 0, 0, 0, 0, 0, 2 ],
      [ 14, 14, 14, 13, 0, 0, 0, 2, 14, 1, 0, 0, 0, 0, 0, 3 ],
      [ 14, 14, 14, 12, 0, 0, 0, 10, 1, 0, 0, 0, 0, 0, 0, 2 ],
      [ 14, 14, 14, 14, 9, 0, 0, 0, 0, 0, 0, 0, 0, 0, 0, 2 ],
      [ 14, 14, 14, 14, 13, 0, 0, 0, 0, 0, 0, 0, 0, 0, 0, 3 ],
      [ 14, 14, 14, 14, 14, 7, 16, 7, 16, 7, 16, 16, 16, 7, 16, 14 ]
    ]
  },
  {
    "openingOne": "NORTH",
    "openingTwo": "SOUTH",
    "tiles": [
      [ 14, 14, 14, 14, 14, 14, 13, 0, 0, 2, 14, 14, 14, 14, 14, 14 ],
      [ 14, 14, 14, 14, 14, 14, 12, 0, 0, 3, 14, 14, 14, 14, 14, 14 ],
      [ 14, 14, 14, 14, 14, 14, 1, 0, 0, 3, 14, 14, 14, 14, 14, 14 ],
      [ 14, 14, 14, 14, 14, 13, 0, 0, 0, 2, 14, 14, 14, 14, 14, 14 ],
      [ 14, 14, 14, 14, 15, 1, 0, 0, 11, 14, 14, 14, 14, 14, 14, 14 ],
      [ 14, 14, 14, 1, 0, 0, 0, 0, 2, 14, 14, 14, 14, 14, 14, 14 ],
      [ 14, 14, 13, 0, 0, 0, 0, 11, 14, 15, 15, 8, 8, 14, 14, 14 ],
      [ 14, 14, 1, 0, 0, 11, 7, 14, 1, 0, 0, 0, 0, 2, 14, 14 ],
      [ 14, 1, 0, 0, 0, 2, 14, 13, 0, 0, 0, 0, 0, 3, 14, 14 ],
      [ 13, 0, 0, 0, 11, 15, 15, 1, 0, 0, 11, 9, 0, 0, 2, 14 ],
      [ 12, 0, 0, 11, 15, 0, 0, 0, 0, 0, 3, 0, 0, 0, 3, 14 ],
      [ 12, 0, 0, 0, 0, 0, 0, 0, 0, 16, 1, 0, 0, 0, 2, 14 ],
      [ 14, 9, 0, 0, 0, 0, 0, 11, 7, 1, 0, 0, 0, 11, 14, 14 ],
      [ 14, 14, 16, 7, 16, 7, 16, 1, 0, 0, 0, 0, 11, 14, 14, 14 ],
      [ 14, 14, 14, 14, 14, 14, 13, 0, 0, 0, 0, 11, 14, 14, 14, 14 ],
      [ 14, 14, 14, 14, 14, 14, 12, 0, 0, 16, 7, 14, 14, 14, 14, 14 ]
    ]
  },
  {
    "openingOne": "NORTH",
    "openingTwo": "SOUTH",
    "tiles": [
      [ 14, 14, 14, 14, 14, 14, 12, 0, 0, 2, 14, 14, 14, 14, 14, 14 ],
      [ 14, 14, 15, 15, 8, 8, 1, 0, 0, 10, 15, 8, 8, 14, 14, 14 ],
      [ 14, 12, 0, 0, 0, 0, 0, 0, 0, 0, 0, 0, 0, 2, 14, 14 ],
      [ 14, 13, 0, 0, 0, 0, 0, 0, 0, 0, 0, 0, 0, 3, 14, 14 ],
      [ 14, 1, 0, 0, 9, 0, 0, 3, 14, 9, 0, 0, 0, 2, 14, 14 ],
      [ 12, 0, 0, 0, 12, 0, 2, 14, 14, 1, 0, 0, 2, 14, 14, 14 ],
      [ 13, 0, 0, 2, 13, 0, 10, 14, 13, 0, 0, 0, 10, 14, 14, 14 ],
      [ 14, 9, 0, 3, 13, 0, 0, 2, 13, 0, 0, 0, 0, 10, 14, 14 ],
      [ 14, 12, 0, 2, 12, 0, 0, 2, 12, 0, 0, 0, 0, 0, 2, 14 ],
      [ 14, 12, 0, 2, 1, 0, 0, 3, 14, 1, 0, 0, 0, 0, 10, 14 ],
      [ 14, 14, 7, 13, 0, 0, 10, 14, 1, 0, 0, 0, 0, 0, 0, 2 ],
      [ 14, 14, 14, 13, 0, 0, 0, 2, 0, 0, 0, 0, 0, 0, 0, 3 ],
      [ 14, 14, 14, 12, 0, 0, 0, 0, 0, 0, 0, 0, 0, 0, 0, 2 ],
      [ 14, 14, 14, 14, 9, 0, 0, 0, 0, 0, 0, 0, 0, 0, 0, 2 ],
      [ 14, 14, 14, 14, 14, 0, 0, 0, 0, 0, 0, 0, 0, 0, 0, 3 ],
      [ 14, 14, 14, 14, 14, 7, 16, 0, 0, 7, 16, 16, 16, 7, 16, 14 ]
    ]
  },
  {
    "openingOne": "NORTH",
    "openingTwo": "EAST",
    "tiles": [
      [ 14, 14, 14, 14, 14, 14, 13, 0, 0, 2, 14, 14, 14, 14, 14, 14 ],
      [ 14, 14, 14, 14, 14, 14, 12, 0, 0, 3, 14, 14, 14, 14, 14, 14 ],
      [ 14, 14, 14, 14, 14, 14, 1, 0, 0, 3, 14, 14, 14, 14, 14, 14 ],
      [ 14, 14, 14, 14, 14, 13, 0, 0, 0, 2, 14, 14, 14, 14, 14, 14 ],
      [ 14, 14, 14, 14, 15, 1, 0, 0, 11, 14, 14, 14, 14, 14, 14, 14 ],
      [ 14, 14, 14, 1, 0, 0, 0, 0, 2, 14, 14, 14, 14, 14, 14, 14 ],
      [ 14, 14, 13, 0, 0, 0, 0, 11, 14, 15, 15, 8, 8, 8, 15, 8 ],
      [ 14, 14, 1, 0, 0, 11, 7, 14, 1, 0, 0, 0, 0, 0, 0, 0 ],
      [ 14, 1, 0, 0, 0, 2, 14, 13, 0, 0, 0, 0, 0, 0, 0, 0 ],
      [ 13, 0, 0, 0, 11, 15, 15, 0, 0, 0, 0, 0, 0, 11, 16, 7 ],
      [ 12, 0, 0, 0, 0, 0, 0, 0, 0, 0, 0, 0, 0, 2, 14, 14 ],
      [ 12, 0, 0, 0, 0, 0, 0, 0, 16, 0, 0, 0, 0, 3, 14, 14 ],
      [ 14, 9, 0, 0, 0, 0, 11, 7, 14, 9, 0, 0, 0, 2, 14, 14 ],
      [ 14, 14, 16, 7, 16, 7, 14, 14, 14, 14, 16, 7, 7, 14, 14, 14 ],
      [ 14, 14, 14, 14, 14, 14, 14, 14, 14, 14, 14, 14, 14, 14, 14, 14 ],
      [ 14, 14, 14, 14, 14, 14, 14, 14, 14, 14, 14, 14, 14, 14, 14, 14 ]
    ]
  },
  {
    "openingOne": "NORTH",
    "openingTwo": "EAST",
    "tiles": [
      [ 14, 14, 14, 14, 14, 14, 12, 0, 0, 2, 14, 14, 14, 14, 14, 14 ],
      [ 14, 14, 15, 15, 15, 8, 1, 0, 0, 10, 15, 14, 14, 14, 14, 14 ],
      [ 14, 12, 0, 0, 0, 0, 0, 0, 0, 0, 0, 2, 14, 14, 14, 14 ],
      [ 14, 13, 0, 0, 0, 0, 0, 0, 0, 0, 0, 3, 14, 14, 14, 14 ],
      [ 14, 1, 0, 0, 11, 0, 0, 11, 7, 9, 0, 2, 14, 14, 14, 14 ],
      [ 12, 0, 0, 0, 2, 16, 7, 14, 14, 8, 16, 14, 14, 14, 14, 14 ],
      [ 13, 0, 0, 2, 14, 15, 8, 14, 13, 0, 10, 14, 14, 8, 15, 15 ],
      [ 14, 9, 0, 3, 13, 0, 0, 2, 13, 0, 0, 10, 1, 0, 0, 0 ],
      [ 14, 12, 0, 0, 0, 0, 0, 2, 12, 0, 0, 0, 0, 0, 0, 0 ],
      [ 14, 12, 0, 0, 0, 0, 0, 3, 14, 1, 0, 0, 0, 0, 0, 7 ],
      [ 14, 14, 7, 9, 0, 0, 10, 14, 1, 0, 0, 0, 0, 0, 0, 2 ],
      [ 14, 14, 14, 13, 0, 0, 0, 2, 0, 0, 0, 0, 0, 0, 0, 3 ],
      [ 14, 14, 14, 12, 0, 0, 0, 0, 0, 0, 0, 0, 0, 0, 0, 2 ],
      [ 14, 14, 14, 14, 9, 0, 0, 0, 0, 0, 0, 0, 0, 0, 0, 2 ],
      [ 14, 14, 14, 14, 13, 0, 0, 0, 0, 0, 0, 0, 0, 0, 0, 3 ],
      [ 14, 14, 14, 14, 14, 7, 16, 7, 7, 16, 16, 16, 16, 7, 16, 14 ]
    ]
  },
  {
    "openingOne": "SOUTH",
    "openingTwo": "EAST",
    "tiles": [
      [ 14, 14, 14, 14, 14, 14, 14, 14, 15, 15, 8, 15, 8, 8, 15, 14 ],
      [ 14, 14, 14, 14, 14, 14, 14, 1, 0, 0, 0, 0, 0, 0, 0, 3 ],
      [ 14, 14, 14, 14, 14, 15, 1, 0, 0, 0, 0, 0, 0, 0, 0, 3 ],
      [ 14, 14, 14, 14, 1, 0, 0, 0, 0, 11, 7, 16, 9, 0, 0, 2 ],
      [ 14, 14, 14, 1, 0, 0, 0, 0, 11, 14, 14, 14, 1, 0, 11, 14 ],
      [ 14, 14, 1, 0, 0, 0, 0, 11, 14, 14, 14, 1, 0, 0, 10, 14 ],
      [ 14, 12, 0, 0, 0, 0, 11, 14, 14, 14, 14, 9, 0, 0, 0, 10 ],
      [ 14, 12, 0, 0, 11, 7, 14, 14, 14, 14, 14, 14, 9, 0, 0, 0 ],
      [ 14, 13, 0, 11, 14, 14, 14, 14, 14, 14, 14, 14, 1, 0, 0, 0 ],
      [ 14, 14, 7, 14, 14, 14, 14, 1, 14, 14, 14, 1, 0, 0, 0, 3 ],
      [ 14, 14, 14, 14, 14, 14, 12, 0, 10, 8, 12, 0, 0, 0, 0, 2 ],
      [ 14, 14, 14, 14, 14, 14, 13, 0, 0, 0, 0, 0, 0, 0, 11, 14 ],
      [ 14, 14, 14, 14, 14, 14, 12, 0, 0, 0, 0, 0, 0, 11, 14, 14 ],
      [ 14, 14, 14, 14, 14, 14, 12, 0, 0, 16, 9, 0, 11, 14, 14, 14 ],
      [ 14, 14, 14, 14, 14, 14, 13, 0, 0, 2, 14, 14, 14, 14, 14, 14 ],
      [ 14, 14, 14, 14, 14, 14, 12, 0, 0, 3, 14, 14, 14, 14, 14, 14 ]
    ]
  },
  {
    "openingOne": "SOUTH",
    "openingTwo": "EAST",
    "tiles": [
      [ 14, 14, 14, 14, 14, 14, 14, 14, 14, 14, 14, 14, 14, 14, 14, 14 ],
      [ 14, 14, 14, 14, 14, 14, 14, 16, 15, 8, 8, 14, 14, 14, 14, 14 ],
      [ 14, 14, 14, 14, 14, 14, 1, 0, 0, 0, 0, 2, 14, 14, 14, 14 ],
      [ 14, 14, 14, 14, 15, 1, 0, 0, 0, 0, 0, 3, 14, 14, 14, 14 ],
      [ 14, 14, 14, 1, 0, 0, 0, 0, 7, 9, 0, 2, 14, 14, 14, 14 ],
      [ 14, 14, 1, 0, 0, 0, 0, 11, 14, 8, 7, 14, 14, 14, 14, 14 ],
      [ 14, 1, 0, 0, 0, 0, 11, 14, 13, 0, 10, 14, 14, 8, 8, 15 ],
      [ 12, 0, 0, 0, 11, 16, 14, 14, 13, 0, 0, 10, 1, 0, 0, 0 ],
      [ 12, 0, 0, 0, 0, 10, 14, 14, 12, 0, 0, 0, 0, 0, 0, 0 ],
      [ 13, 0, 0, 0, 0, 0, 10, 15, 14, 1, 0, 0, 0, 0, 10, 16 ],
      [ 14, 7, 7, 9, 0, 0, 0, 0, 1, 0, 0, 0, 0, 0, 0, 2 ],
      [ 14, 14, 14, 14, 9, 0, 0, 0, 0, 0, 0, 0, 0, 0, 0, 3 ],
      [ 14, 14, 14, 14, 14, 7, 9, 0, 0, 0, 0, 0, 0, 0, 0, 2 ],
      [ 14, 14, 14, 14, 14, 14, 14, 7, 0, 0, 0, 11, 9, 0, 0, 2 ],
      [ 14, 14, 14, 14, 14, 14, 13, 0, 0, 0, 11, 14, 14, 9, 0, 3 ],
      [ 14, 14, 14, 14, 14, 14, 12, 0, 0, 16, 14, 14, 14, 14, 16, 14 ]
    ]
  }
]
